{
  "wave_length": 0.005,
  "antenna_offsets_tx": {
    "Tx0": [
      0,
      0,
      0
    ],
    "Tx1": [
      0,
      -0.0078,
      0
    ]
  },
  "antenna_offsets_rx": {
    "Rx0": [
      0,
      0.00185,
      0
    ],
    "Rx1": [
      0,
      0.0037,
      0
    ],
    "Rx2": [
      0,
      0.00555,
      0
    ],
    "Rx3": [
      0,
      0.0074,
      0
    ]
  }
}
